{
  "version": 1,
  "author": "Anonymous maker",
  "editor": "wokwi",
  "parts": [
    { "type": "wokwi-breadboard", "id": "bb1", "top": -3, "left": -218, "attrs": {} },
    { "type": "wokwi-arduino-uno", "id": "uno", "top": 221.4, "left": -19.8, "attrs": {} },
    {
      "type": "wokwi-stepper-motor",
      "id": "stepper1",
      "top": -245.99,
      "left": 278.83,
      "attrs": { "size": "17" }
    },
    { "type": "wokwi-lcd1602", "id": "lcd1", "top": -226.97, "left": -224, "attrs": {} }
  ],
  "connections": [],
  "dependencies": {}
}